video_id,track_id,class_name,first_frame,last_frame,num_frames,start_cx,start_cy,end_cx,end_cy,total_displacement_px,total_displacement_norm,dx_total,dy_total,avg_bbox_area,start_area,end_area,bbox_growth_ratio,avg_flow_dx,avg_flow_dy,avg_flow_mag,avg_global_flow_dx,avg_global_flow_dy,avg_global_flow_mag,avg_frame_diff_overlap,preliminary_motion_label,preliminary_direction_label,preliminary_scale_label
IMG_4977,bicycle_1,bicycle,14,14,1,113.64067840576172,1260.668701171875,113.64067840576172,1260.668701171875,0.0,0.0,0.0,0.0,90169.7890625,90169.7890625,90169.7890625,0.0,-5.933884620666504,6.193833351135254,18.9450626373291,-0.00017806373944040388,-0.0003009712090715766,0.00034970039175486595,0.40726825375714854,moving,toward_center_or_away,stable
IMG_4977,bicycle_2,bicycle,15,15,1,884.011474609375,1558.297119140625,884.011474609375,1558.297119140625,0.0,0.0,0.0,0.0,44640.078125,44640.078125,44640.078125,0.0,1.6021602153778076,7.939156532287598,13.133037567138672,-0.6854753494262695,-0.2694600820541382,0.7365359397148853,0.6257606944693037,moving,toward_center_or_away,stable
IMG_4977,bicycle_3,bicycle,15,15,1,465.6565246582031,1493.7275390625,465.6565246582031,1493.7275390625,0.0,0.0,0.0,0.0,394605.5625,394605.5625,394605.5625,0.0,-0.9887534976005554,0.6841543912887573,11.851205825805664,-0.6854753494262695,-0.2694600820541382,0.7365359397148853,0.7144421906693712,moving,toward_center_or_away,stable
IMG_4977,bicycle_4,bicycle,15,15,1,484.3796081542969,1408.2216796875,484.3796081542969,1408.2216796875,0.0,0.0,0.0,0.0,565767.75,565767.75,565767.75,0.0,-1.0099096298217773,-0.6969661712646484,13.0472993850708,-0.6854753494262695,-0.2694600820541382,0.7365359397148853,0.7517036226255208,moving,toward_center_or_away,stable
IMG_4977,person_1,person,15,15,1,524.1580200195312,851.4384155273438,524.1580200195312,851.4384155273438,0.0,0.0,0.0,0.0,1483625.125,1483625.125,1483625.125,0.0,0.15264177322387695,0.16403868794441223,14.068305015563965,-0.6854753494262695,-0.2694600820541382,0.7365359397148853,0.5944766815079938,moving,toward_center_or_away,stable
