video_id,track_id,class_name,first_frame,last_frame,num_frames,start_cx,start_cy,end_cx,end_cy,total_displacement_px,total_displacement_norm,dx_total,dy_total,avg_bbox_area,start_area,end_area,bbox_growth_ratio,avg_flow_dx,avg_flow_dy,avg_flow_mag,avg_global_flow_dx,avg_global_flow_dy,avg_global_flow_mag,avg_frame_diff_overlap,preliminary_motion_label,preliminary_direction_label,preliminary_scale_label
IMG_4975,bicycle_1,bicycle,10,15,6,617.6070556640625,693.7086181640625,781.74267578125,862.816650390625,235.6650766549719,0.12033365906713982,164.1356201171875,169.1080322265625,14178.359334309896,3286.475830078125,43041.1015625,12.09643027235664,10.681999564170837,1.4067507519697149,14.592465241750082,1.3452538323945191,0.25576780814481026,1.3693520530730368,0.5580972377405894,moving,left_to_right,growing
IMG_4975,bicycle_2,bicycle,15,16,2,817.72314453125,858.6295166015625,933.6937866210938,1083.535400390625,253.04514693957265,0.1292081494323458,115.97064208984375,224.9058837890625,39731.001953125,64602.71875,14859.28515625,-0.7699897861184056,-9.478532671928406,2.7319392561912537,18.938927173614502,-1.2263914346694946,2.3718446493148804,2.6701466235984737,0.5221519461376091,moving,left_to_right,shrinking
IMG_4975,person_1,person,0,19,20,397.09698486328125,653.519775390625,343.11395263671875,686.8316650390625,63.43382189592365,0.032390136059596356,-53.9830322265625,33.3118896484375,3568.607769775391,1413.001220703125,9729.5244140625,5.885715500893386,-1.8127715706825256,1.0570882990723476,10.700057232379914,0.3152997284048979,0.18410432629916612,0.3651141214665248,0.3115097208467969,moving,toward_center_or_away,growing
IMG_4975,person_2,person,0,14,15,494.0084228515625,652.7716674804688,706.4266967773438,674.3258056640625,213.50902550113824,0.10902049063479338,212.41827392578125,21.55413818359375,6943.571427408854,1657.6124267578125,34749.7421875,19.96373169420829,9.604360914230346,-0.6272353649139404,13.47423661549886,1.5706992490073997,-0.07430748066738792,1.57245595566793,0.3209381237135068,moving,left_to_right,growing
IMG_4975,person_3,person,14,16,3,744.8607177734375,674.2367553710938,780.082275390625,892.2118530273438,220.80240333663167,0.1127445843968446,35.2215576171875,217.97509765625,149752.29947916666,56286.4296875,241924.6875,3.2980997167498107,4.863904317220052,0.4036332368850708,16.913082440694172,-0.6735517779986063,0.6590406894683838,0.9423410359418964,0.3591182825269234,moving,toward_center_or_away,growing
