variant,raw_acc,raw_n,raw_macro_f1,dedup_acc,dedup_n,dedup_macro_f1
full system,0.8245614035087719,57,0.6706568190263843,0.9215686274509803,51,0.7934725158562368
-2f_crossing_salvage,0.7894736842105263,57,0.5531028368794326,0.8823529411764706,51,0.6186497326203209
-2f_approach_salvage,0.7894736842105263,57,0.6561683912293669,0.8823529411764706,51,0.7764953542392566
-soft_moving_away,0.8070175438596491,57,0.635934596804162,0.9019607843137255,51,0.7476391825229035
-slow_approach,0.8070175438596491,57,0.6507580382580384,0.9019607843137255,51,0.7560786435786436
-trajectory_reversal,0.8070175438596491,57,0.6549190761956719,0.9019607843137255,51,0.7772727272727273
-appearance_reid,0.7627118644067796,59,0.5476196494775868,0.8823529411764706,51,0.6181478405315615
-same_frame_nms,0.8135593220338984,59,0.6535628019323672,0.9230769230769231,52,0.7943383167220377
-nms -reid (both off),0.7540983606557377,61,0.5472826086956523,0.8846153846153846,52,0.6194348418185628
