video_id,track_id,class_name,hazard_label,uncertain_reason,approach_score,crossing_score,bbox_growth_ratio,total_displacement_norm,avg_flow_dx,avg_flow_dy,avg_flow_mag,avg_frame_diff_overlap,dx_total,dy_total,start_cx,start_cy,num_frames,first_frame,last_frame,image_width,image_height,confidence,evidence
IMG_4975,bicycle_1,bicycle,approaching,,0.75,0.08772792816162109,4.309509370110197,0.060000490972446474,13.135431480407714,1.50120963267982,15.144098472595214,0.5292716834306619,84.21881103515625,81.9453125,617.6070556640625,693.7086181640625,5,10,14,960.0,1707.0,high,bicycle_1 classified as approaching because bbox grew by 4.31 and approach_score=0.75; flow_mag=15.14.
IMG_4975,bicycle_2,bicycle,uncertain,short_track,0.55,0.12080275217692057,-0.7699897861184056,0.1292081494323458,-9.478532671928406,2.7319392561912537,18.938925743103027,0.5221519461376091,115.97064208984375,224.9058837890625,817.72314453125,858.6295166015625,2,15,16,960.0,1707.0,low,"bicycle_2 classified as uncertain (short_track) because track is only 2 frames long (min=3), so trajectory and bbox-growth cues are unreliable; motion was detected (flow_mag=18.94) but direction is not trustworthy."
IMG_4975,person_1,person,approaching,,0.75,0.05623232523600266,5.885715500893386,0.03239013605959638,-1.8127715706825256,1.0570882990723476,10.700057232379914,0.31150972084679684,-53.98303222656256,33.3118896484375,397.0969848632813,653.519775390625,20,0,19,960.0,1707.0,high,person_1 classified as approaching because bbox grew by 5.89 and approach_score=0.75; flow_mag=10.70.
IMG_4975,person_2,person,approaching,,0.75,0.18656946818033854,10.71438617689471,0.09163146870317096,8.494538119861058,-0.8667105095727102,12.532461643218994,0.30968699277923534,179.106689453125,11.15679931640625,494.0084228515625,652.7716674804688,14,0,13,960.0,1707.0,high,person_2 classified as approaching because bbox grew by 10.71 and approach_score=0.75; flow_mag=12.53.
IMG_4975,person_3,person,approaching,,0.9999999999999999,0.03668912251790365,3.2980997167498107,0.11274458439684461,4.863904317220052,0.4036332368850708,16.91308307647705,0.3591182825269233,35.2215576171875,217.97509765625,744.8607177734375,674.2367553710938,3,14,16,960.0,1707.0,high,person_3 classified as approaching because bbox grew by 3.30 and approach_score=1.00; centroid moved toward image center / lower half; flow_mag=16.91.
