video_id,frame_idx,frame_path,class_name,confidence,x1,y1,x2,y2,cx,cy,area,track_id,track_age,matched_score,frame_diff_overlap,flow_dx,flow_dy,flow_mag,global_flow_dx,global_flow_dy
IMG_4982,5,data/frames/IMG_4982/frame_0005.jpg,bicycle,0.9182765483856201,1.2119065523147583,852.74755859375,732.6214599609375,1706.27099609375,366.91668701171875,1279.50927734375,624275.1875,bicycle_1,1,0.9182765483856201,0.5726604023233388,-0.9465160369873047,2.346316337585449,10.152244567871094,7.617306255269796e-05,0.0009142066119238734
IMG_4982,5,data/frames/IMG_4982/frame_0005.jpg,bicycle,0.8549383282661438,214.669921875,678.9732666015625,475.872802734375,919.5231323242188,345.2713623046875,799.2481689453125,62832.31640625,bicycle_2,1,0.8549383282661438,0.5655553965755712,-0.1647629737854004,4.356518268585205,8.67955207824707,7.617306255269796e-05,0.0009142066119238734
IMG_4982,6,data/frames/IMG_4982/frame_0006.jpg,person,0.4743472933769226,527.6443481445312,1191.1590576171875,820.197265625,1706.553955078125,673.9207763671875,1448.8564453125,150780.28125,bicycle_1,2,0.4743472933769226,0.7520394976639385,-3.5991482734680176,-1.2330762147903442,9.843195915222168,-0.00043410027865320444,0.00018368795281276107
