video_id,track_id,class_name,first_frame,last_frame,num_frames,start_cx,start_cy,end_cx,end_cy,total_displacement_px,total_displacement_norm,dx_total,dy_total,avg_bbox_area,start_area,end_area,bbox_growth_ratio,avg_flow_dx,avg_flow_dy,avg_flow_mag,avg_global_flow_dx,avg_global_flow_dy,avg_global_flow_mag,avg_frame_diff_overlap,preliminary_motion_label,preliminary_direction_label,preliminary_scale_label
IMG_4982,bicycle_1,bicycle,5,6,2,366.91668701171875,1279.50927734375,673.9207763671875,1448.8564453125,350.6137107701532,0.17902792953005103,307.00408935546875,169.34716796875,387527.734375,624275.1875,150780.28125,-0.7584714493385843,-2.272832155227661,0.5566200613975525,9.99772024154663,-0.00017896360805025324,0.0005489472823683172,0.00057738296807745,0.6623499499936387,moving,left_to_right,shrinking
IMG_4982,bicycle_2,bicycle,5,5,1,345.2713623046875,799.2481689453125,345.2713623046875,799.2481689453125,0.0,0.0,0.0,0.0,62832.31640625,62832.31640625,62832.31640625,0.0,-0.1647629737854004,4.356518268585205,8.67955207824707,7.617306255269796e-05,0.0009142066119238734,0.0009173745498671658,0.5655553965755712,moving,toward_center_or_away,stable
