video_id,track_id,class_name,first_frame,last_frame,num_frames,start_cx,start_cy,end_cx,end_cy,total_displacement_px,total_displacement_norm,dx_total,dy_total,avg_bbox_area,start_area,end_area,bbox_growth_ratio,avg_flow_dx,avg_flow_dy,avg_flow_mag,avg_global_flow_dx,avg_global_flow_dy,avg_global_flow_mag,avg_frame_diff_overlap,preliminary_motion_label,preliminary_direction_label,preliminary_scale_label
IMG_4972,bicycle_1,bicycle,11,13,3,308.921630859375,867.306396484375,207.45913696289062,901.9051513671875,107.19940068458905,0.054737410893795684,-101.46249389648438,34.5987548828125,12207.35546875,6045.18359375,20623.978515625,2.4116380740753844,-19.196774164835613,0.5090431769688925,20.857458750406902,3.259368975957235,-0.5059289114384834,3.2984011558423036,0.6696030660698566,moving,right_to_left,growing
IMG_4972,person_1,person,0,4,5,374.222900390625,591.358642578125,337.64892578125,682.463134765625,98.17170730648141,0.05012775301600014,-36.573974609375,91.1044921875,2729.17900390625,2548.704345703125,3521.899169921875,0.3818390412672328,-3.7304012775421143,0.32759437561035154,11.993474197387695,-0.9483070280402899,2.583785963058472,2.752314684466259,0.3325399735342839,moving,toward_center_or_away,growing
IMG_4972,person_2,person,2,17,12,896.4923095703125,814.705322265625,856.08544921875,846.2547607421875,51.264816703632874,0.02617648343537127,-40.4068603515625,31.5494384765625,85045.92252604167,81274.65625,65576.5,-0.19314946348735682,3.5672561240692935,-0.9741888443628947,17.56093994776408,0.4857729626843745,0.7730352070757363,0.9129944154559662,0.2476062850512419,moving,toward_center_or_away,shrinking
IMG_4972,person_3,person,9,13,5,325.2186279296875,806.2623291015625,203.36489868164062,817.6682739257812,122.38638367477584,0.06249208230858137,-121.85372924804688,11.40594482421875,15911.82568359375,5991.615234375,37185.84375,5.206313705101031,-9.375126266479493,-0.8214723311364651,15.227678680419922,2.960334825515747,-0.19059211565036094,2.966463826462313,0.5056959513712902,moving,right_to_left,growing
IMG_4972,skateboard_1,skateboard,10,10,1,888.6663818359375,1122.9580078125,888.6663818359375,1122.9580078125,0.0,0.0,0.0,0.0,15610.4814453125,15610.4814453125,15610.4814453125,0.0,-5.6802592277526855,-18.42819595336914,18.758350372314453,5.983522891998291,-2.0121173292864114e-05,5.983522892032123,0.34911507251932783,moving,toward_center_or_away,stable
