video_id,frame_idx,frame_path,class_name,confidence,x1,y1,x2,y2,cx,cy,area,track_id,track_age,matched_score,frame_diff_overlap,flow_dx,flow_dy,flow_mag,global_flow_dx,global_flow_dy
IMG_4976,0,data/frames/IMG_4976/frame_0000.jpg,person,0.47855904698371887,644.1767578125,574.3433227539062,668.5431518554688,636.8222045898438,656.3599853515625,605.582763671875,1522.385009765625,person_1,1,0.47855904698371887,0.0,0.0,0.0,0.0,0.0,0.0
IMG_4976,8,data/frames/IMG_4976/frame_0008.jpg,person,0.5402759909629822,362.82733154296875,684.4906005859375,390.2779846191406,745.559326171875,376.55267333984375,715.0249633789062,1676.3763427734375,person_2,1,0.5402759909629822,0.21721311475409835,0.810699462890625,-1.7169252634048462,2.970151662826538,-12.994851112365723,0.36145323514938354
IMG_4976,9,data/frames/IMG_4976/frame_0009.jpg,person,0.56004399061203,375.3958435058594,666.6241455078125,404.5550231933594,736.2676391601562,389.9754333496094,701.4459228515625,2030.7471923828125,person_2,2,0.56004399061203,0.33793103448275863,6.037271499633789,-8.098770141601562,11.322277069091797,-0.00023188219347503036,-7.234390068333596e-05
IMG_4976,13,data/frames/IMG_4976/frame_0013.jpg,person,0.6963785290718079,727.9219970703125,635.9619750976562,759.3930053710938,718.6158447265625,743.657470703125,677.2889404296875,2601.20068359375,person_3,1,0.6963785290718079,0.13893072289156627,2.24219012260437,7.068167209625244,7.717838287353516,0.00046969810500741005,0.0006346674636006355
IMG_4976,14,data/frames/IMG_4976/frame_0014.jpg,person,0.625649094581604,719.9563598632812,639.3916015625,752.233154296875,727.5517578125,736.0947265625,683.4716796875,2845.52734375,person_3,2,0.625649094581604,0.23243801652892562,1.597482681274414,4.268484115600586,6.472932815551758,-12.681431770324707,0.786803126335144
IMG_4976,15,data/frames/IMG_4976/frame_0015.jpg,person,0.7424843907356262,726.29248046875,637.3536376953125,761.086181640625,734.1688842773438,743.6893310546875,685.76123046875,3368.560791015625,person_3,3,0.7424843907356262,0.09867452135493372,3.560872793197632,0.5359587669372559,4.039624214172363,-1.0281479358673096,1.8550987243652344
IMG_4976,18,data/frames/IMG_4976/frame_0018.jpg,person,0.6873171329498291,909.9924926757812,623.4921875,951.7720947265625,740.1304321289062,930.88232421875,681.811279296875,4873.099609375,person_4,1,0.6873171329498291,0.5368335368335369,-9.152811050415039,-7.464128494262695,12.264888763427734,4.063665866851807,-0.5000008344650269
