video_id,frame_idx,frame_path,class_name,confidence,x1,y1,x2,y2,cx,cy,area
IMG_4979,7,data/frames/IMG_4979/frame_0007.jpg,person,0.7410775423049927,2.5360584259033203,268.045166015625,243.8062286376953,1705.5072021484375,123.171142578125,986.7761840820312,346816.71875
IMG_4979,8,data/frames/IMG_4979/frame_0008.jpg,person,0.8431983590126038,0.0,1.1165916919708252,960.0,1703.228759765625,480.0,852.1726684570312,1634027.75
