video_id,frame_idx,frame_path,class_name,confidence,x1,y1,x2,y2,cx,cy,area
IMG_4977,14,data/frames/IMG_4977/frame_0014.jpg,bicycle,0.7376794815063477,4.039444446563721,1054.9918212890625,223.24191284179688,1466.345703125,113.64067840576172,1260.668701171875,90169.7890625
IMG_4977,15,data/frames/IMG_4977/frame_0015.jpg,person,0.7714639902114868,88.31607055664062,0.42749232053756714,960.0,1702.4493408203125,524.1580200195312,851.4384155273438,1483625.125
IMG_4977,15,data/frames/IMG_4977/frame_0015.jpg,bicycle,0.5310168266296387,808.53515625,1410.4359130859375,959.48779296875,1706.1583251953125,884.011474609375,1558.297119140625,44640.078125
IMG_4977,15,data/frames/IMG_4977/frame_0015.jpg,bicycle,0.5202372670173645,1.666015386581421,1281.1124267578125,929.6470336914062,1706.3426513671875,465.6565246582031,1493.7275390625,394605.5625
IMG_4977,15,data/frames/IMG_4977/frame_0015.jpg,bicycle,0.37476831674575806,8.759197235107422,1110.837646484375,960.0,1705.6058349609375,484.3796081542969,1408.2216796875,565767.75
