video_id,track_id,class_name,first_frame,last_frame,num_frames,start_cx,start_cy,end_cx,end_cy,total_displacement_px,total_displacement_norm,dx_total,dy_total,avg_bbox_area,start_area,end_area,bbox_growth_ratio,avg_flow_dx,avg_flow_dy,avg_flow_mag,avg_global_flow_dx,avg_global_flow_dy,avg_global_flow_mag,avg_frame_diff_overlap,preliminary_motion_label,preliminary_direction_label,preliminary_scale_label
IMG_4976,person_1,person,0,0,1,656.3599853515625,605.582763671875,656.3599853515625,605.582763671875,0.0,0.0,0.0,0.0,1522.385009765625,1522.385009765625,1522.385009765625,0.0,0.0,0.0,0.0,0.0,0.0,0.0,0.0,static,toward_center_or_away,stable
IMG_4976,person_2,person,8,9,2,376.55267333984375,715.0249633789062,389.9754333496094,701.4459228515625,19.093476056575117,0.009749377679588549,13.422760009765625,-13.57904052734375,1853.561767578125,1676.3763427734375,2030.7471923828125,0.21139098683038218,3.423985481262207,-4.907847702503204,7.1462143659591675,-6.497541497279599,0.1806904456243501,6.500053426396612,0.2775720746184285,moving,toward_center_or_away,growing
IMG_4976,person_3,person,13,15,3,743.657470703125,677.2889404296875,743.6893310546875,685.76123046875,8.472349944849974,0.004326092284151635,0.0318603515625,8.4722900390625,2938.4296061197915,2601.20068359375,3368.560791015625,0.2950022702849318,2.466848532358805,3.9575366973876953,6.076798439025879,-4.569703336029003,0.8808455060546597,4.653823952928526,0.15668108692514185,moving,toward_center_or_away,growing
IMG_4976,person_4,person,18,18,1,930.88232421875,681.811279296875,930.88232421875,681.811279296875,0.0,0.0,0.0,0.0,4873.099609375,4873.099609375,4873.099609375,0.0,-9.152811050415039,-7.464128494262695,12.264888763427734,4.063665866851807,-0.5000008344650269,4.094310822578346,0.5368335368335369,moving,toward_center_or_away,stable
