video_id,track_id,class_name,first_frame,last_frame,num_frames,start_cx,start_cy,end_cx,end_cy,total_displacement_px,total_displacement_norm,dx_total,dy_total,avg_bbox_area,start_area,end_area,bbox_growth_ratio,avg_flow_dx,avg_flow_dy,avg_flow_mag,avg_global_flow_dx,avg_global_flow_dy,avg_global_flow_mag,avg_frame_diff_overlap,preliminary_motion_label,preliminary_direction_label,preliminary_scale_label
IMG_4975,person_1,person,0,19,18,397.09698486328125,653.519775390625,343.11395263671875,686.8316650390625,63.43382189592365,0.032390136059596356,-53.9830322265625,33.3118896484375,3799.3534545898438,1413.001220703125,9729.5244140625,5.885715500893386,-1.8267648617426555,0.6058689438375748,11.025355166859097,-0.0847422539609397,0.20453935208307586,0.22139917831135883,0.2885136878008642,moving,toward_center_or_away,growing
IMG_4975,person_2,person,0,1,2,494.0084228515625,652.7716674804688,504.29437255859375,654.5698852539062,10.44195137588194,0.0053317964405080204,10.28594970703125,1.7982177734375,1683.8132934570312,1657.6124267578125,1710.01416015625,0.03161277782486179,2.1636102199554443,-1.5525366067886353,2.5945680141448975,3.2403993606567383,-1.7740780094754882e-05,3.2403993607053025,0.15621301775147928,moving,toward_center_or_away,stable
IMG_4975,person_3,person,6,14,9,577.0025634765625,683.537353515625,706.4266967773438,674.3258056640625,129.75152752272328,0.06625282073176704,129.42413330078125,-9.2115478515625,10238.79638671875,2956.875,34749.7421875,10.752185052377195,11.575457016626993,-2.389853318532308,14.569782310061985,0.8363866945393157,-0.1238556145128516,0.8455074902381164,0.34117135497611195,moving,left_to_right,growing
