video_id,track_id,class_name,first_frame,last_frame,num_frames,start_cx,start_cy,end_cx,end_cy,total_displacement_px,total_displacement_norm,dx_total,dy_total,avg_bbox_area,start_area,end_area,bbox_growth_ratio,avg_flow_dx,avg_flow_dy,avg_flow_mag,avg_global_flow_dx,avg_global_flow_dy,avg_global_flow_mag,avg_frame_diff_overlap,preliminary_motion_label,preliminary_direction_label,preliminary_scale_label
IMG_4980,person_1,person,0,19,20,429.0761413574219,767.5123291015625,574.8331298828125,848.4293212890625,166.71130534148784,0.08512496490505017,145.75698852539062,80.9169921875,130130.70390625,166595.078125,126431.8515625,-0.24108291201810628,0.7432565942406655,3.083112660050392,14.45851798057556,0.22530188983048446,-0.004072001601821284,0.22533868455778513,0.3951607443521331,moving,left_to_right,shrinking
IMG_4980,person_2,person,9,16,8,747.2686767578125,798.7588500976562,552.393798828125,701.8585815429688,217.63703750529496,0.11112830735581103,-194.8748779296875,-96.9002685546875,37439.120849609375,98509.5703125,14240.36328125,-0.8554418292869311,-1.7507938742637634,0.591932974755764,16.515037178993225,0.8011054480482471,-1.0628132157515324,1.3309176798242242,0.5167659308115473,moving,right_to_left,shrinking
