video_id,frame_idx,frame_path,class_name,confidence,x1,y1,x2,y2,cx,cy,area,track_id,track_age,matched_score,frame_diff_overlap,flow_dx,flow_dy,flow_mag,global_flow_dx,global_flow_dy
IMG_4977,14,data/frames/IMG_4977/frame_0014.jpg,bicycle,0.7376794815063477,4.039444446563721,1054.9918212890625,223.24191284179688,1466.345703125,113.64067840576172,1260.668701171875,90169.7890625,bicycle_1,1,0.7376794815063477,0.40726825375714854,-5.933884620666504,6.193833351135254,18.9450626373291,-0.00017806373944040388,-0.0003009712090715766
