video_id,track_id,class_name,first_frame,last_frame,num_frames,start_cx,start_cy,end_cx,end_cy,total_displacement_px,total_displacement_norm,dx_total,dy_total,avg_bbox_area,start_area,end_area,bbox_growth_ratio,avg_flow_dx,avg_flow_dy,avg_flow_mag,avg_global_flow_dx,avg_global_flow_dy,avg_global_flow_mag,avg_frame_diff_overlap,preliminary_motion_label,preliminary_direction_label,preliminary_scale_label
IMG_4973,person_1,person,0,0,1,290.8018798828125,785.033447265625,290.8018798828125,785.033447265625,0.0,0.0,0.0,0.0,2123.092529296875,2123.092529296875,2123.092529296875,0.0,0.0,0.0,0.0,0.0,0.0,0.0,0.0,static,toward_center_or_away,stable
IMG_4973,person_2,person,0,3,4,324.63824462890625,786.0274658203125,313.1357421875,754.6220703125,33.445574137943666,0.0170777459806332,-11.50250244140625,-31.4053955078125,1157.624740600586,1178.2962646484375,939.4786987304688,-0.2026804063463132,-2.66728138923645,-7.595683574676514,8.161877155303955,0.024953098474725266,-0.00469612685105858,0.025391154579706882,0.06747368679913436,moving,toward_center_or_away,shrinking
IMG_4973,person_3,person,14,26,10,280.48748779296875,762.5528564453125,322.5596008300781,779.805419921875,45.472119391118405,0.023218656703564985,42.072113037109375,17.2525634765625,1505.1494995117187,1705.557861328125,1406.202880859375,-0.17551734073690334,1.076736330986023,1.841008758544922,9.824674510955811,2.0509829490553555,-0.6511262419390504,2.151858833719692,0.17875380112907518,moving,toward_center_or_away,shrinking
IMG_4973,person_4,person,23,27,5,512.0712280273438,778.746337890625,539.6949462890625,813.1072998046875,44.08792934877377,0.02251187123070729,27.62371826171875,34.3609619140625,8690.5375,2480.21533203125,20039.2265625,7.079631754799538,4.658503627777099,-0.8095064163208008,12.585978698730468,0.6947037516377804,0.6639208393832178,0.9609392194654787,0.3165717159591238,moving,toward_center_or_away,growing
IMG_4973,person_5,person,25,27,2,334.0242919921875,764.7948608398438,344.1783447265625,767.2947998046875,10.457269326187046,0.005339617985540425,10.154052734375,2.49993896484375,1627.3643798828125,1911.9287109375,1342.800048828125,-0.2976725327445051,12.611512660980225,-1.7738776206970215,16.7039475440979,1.1594088847590456,4.3082909542135894e-05,1.1594088855595126,0.18612923882438248,moving,toward_center_or_away,shrinking
