video_id,track_id,class_name,first_frame,last_frame,num_frames,start_cx,start_cy,end_cx,end_cy,total_displacement_px,total_displacement_norm,dx_total,dy_total,avg_bbox_area,start_area,end_area,bbox_growth_ratio,avg_flow_dx,avg_flow_dy,avg_flow_mag,avg_global_flow_dx,avg_global_flow_dy,avg_global_flow_mag,avg_frame_diff_overlap,preliminary_motion_label,preliminary_direction_label,preliminary_scale_label
IMG_4981,person_1,person,1,1,1,425.7584228515625,295.549560546875,425.7584228515625,295.549560546875,0.0,0.0,0.0,0.0,1681.7227783203125,1681.7227783203125,1681.7227783203125,0.0,1.6866075992584229,6.603774547576904,6.897603988647461,0.14352601766586304,1.3380030393600464,1.3456789554287245,0.9691142191142191,moving,toward_center_or_away,stable
IMG_4981,person_2,person,7,7,1,403.34539794921875,717.2471923828125,403.34539794921875,717.2471923828125,0.0,0.0,0.0,0.0,1841.1201171875,1841.1201171875,1841.1201171875,0.0,4.240464687347412,9.655135154724121,9.2468843460083,-3.813182502199197e-06,5.442251682281494,5.442251682282829,0.041758241758241756,moving,toward_center_or_away,stable
IMG_4981,person_3,person,10,19,9,446.93402099609375,755.638427734375,267.6764221191406,705.6204833984375,186.10502817152354,0.09502765249965218,-179.25759887695312,-50.0179443359375,7991.316908094618,1905.9835205078125,26239.60546875,12.766963446248475,-6.410289234585232,-3.3133468098110623,11.991888708538479,1.685442834598992,-1.8657608208974732,2.5143152128357134,0.3286210460228699,moving,right_to_left,growing
IMG_4981,person_4,person,10,18,9,874.529296875,803.8966064453125,156.24070739746094,768.6539306640625,719.1526569302619,0.3672087178320919,-718.2885894775391,-35.24267578125,37577.223741319445,29368.70703125,48101.0703125,0.6378341157709071,4.831793083084954,-3.741711907916599,11.517205079396566,-0.6391855715018109,-1.8321523843130005,1.9404485445792965,0.4307442191448381,moving,right_to_left,growing
