video_id,track_id,class_name,first_frame,last_frame,num_frames,start_cx,start_cy,end_cx,end_cy,total_displacement_px,total_displacement_norm,dx_total,dy_total,avg_bbox_area,start_area,end_area,bbox_growth_ratio,avg_flow_dx,avg_flow_dy,avg_flow_mag,avg_global_flow_dx,avg_global_flow_dy,avg_global_flow_mag,avg_frame_diff_overlap,preliminary_motion_label,preliminary_direction_label,preliminary_scale_label
IMG_4979,person_1,person,7,7,1,123.171142578125,986.7761840820312,123.171142578125,986.7761840820312,0.0,0.0,0.0,0.0,346816.71875,346816.71875,346816.71875,0.0,-4.834288597106934,3.0630269050598145,16.455568313598633,-1.1359038352966309,0.9406152963638306,1.4747998707605083,0.5649188460283497,moving,toward_center_or_away,stable
IMG_4979,person_2,person,8,8,1,480.0,852.1726684570312,480.0,852.1726684570312,0.0,0.0,0.0,0.0,1634027.75,1634027.75,1634027.75,0.0,-0.0044021159410476685,-0.0002120109274983406,13.17721939086914,-0.33947819471359253,0.014486311003565788,0.3397871361492249,0.7005716314140227,moving,toward_center_or_away,stable
