video_id,track_id,class_name,first_frame,last_frame,num_frames,start_cx,start_cy,end_cx,end_cy,total_displacement_px,total_displacement_norm,dx_total,dy_total,avg_bbox_area,start_area,end_area,bbox_growth_ratio,second_half_growth_ratio,peak_area_ratio,avg_flow_dx,avg_flow_dy,avg_flow_mag,avg_global_flow_dx,avg_global_flow_dy,avg_global_flow_mag,avg_frame_diff_overlap,preliminary_motion_label,preliminary_direction_label,preliminary_scale_label
IMG_4980,person_1,person,0,19,20,429.0761413574219,767.5123291015625,574.8331298828125,848.4293212890625,166.71130534148784,0.08512496490505017,145.75698852539062,80.9169921875,130130.70390625,166595.078125,126431.8515625,-0.24108291201810628,0.061801525442881984,1.3176669966059,0.7432565942406655,3.083112660050392,14.458517932891846,0.22530188983048446,-0.004072001601821285,0.22533868455778513,0.3951607443521331,moving,left_to_right,shrinking
IMG_4980,person_2,person,7,19,12,913.8173828125,861.8905029296875,391.796875,711.700439453125,543.1965258945553,0.27736322445921124,-522.0205078125,-150.1900634765625,46375.66951497396,54874.46484375,16083.314453125,-0.7069071288507748,-0.2022995460325195,10.921962626301005,-1.9706382552782695,3.3322771936655045,16.692787170410156,0.5341022715721616,-0.6464844621876864,0.8385746218128982,0.5118587426081826,moving,right_to_left,shrinking
