video_id,frame_idx,frame_path,class_name,confidence,x1,y1,x2,y2,cx,cy,area,track_id,track_age,matched_score,frame_diff_overlap,flow_dx,flow_dy,flow_mag,global_flow_dx,global_flow_dy
IMG_4979,7,data/frames/IMG_4979/frame_0007.jpg,person,0.7410775423049927,2.5360584259033203,268.045166015625,243.8062286376953,1705.5072021484375,123.171142578125,986.7761840820312,346816.71875,person_1,1,0.0,0.5649188460283497,-4.834288597106934,3.0630269050598145,16.455568313598633,-1.1359038352966309,0.9406152963638306
IMG_4979,8,data/frames/IMG_4979/frame_0008.jpg,person,0.8431983590126038,0.0,1.1165916919708252,960.0,1703.228759765625,480.0,852.1726684570312,1634027.75,person_1,1,0.0,0.7005716314140227,-0.0044021159410476,-0.0002120109274983,13.177218437194824,-0.3394781947135925,0.0144863110035657
