video_id,track_id,class_name,first_frame,last_frame,num_frames,start_cx,start_cy,end_cx,end_cy,total_displacement_px,total_displacement_norm,dx_total,dy_total,avg_bbox_area,start_area,end_area,bbox_growth_ratio,second_half_growth_ratio,peak_area_ratio,avg_flow_dx,avg_flow_dy,avg_flow_mag,avg_global_flow_dx,avg_global_flow_dy,avg_global_flow_mag,avg_frame_diff_overlap,preliminary_motion_label,preliminary_direction_label,preliminary_scale_label
IMG_4974,person_1,person,0,7,8,774.8878173828125,738.8692626953125,870.5571899414062,694.65576171875,105.39194710393913,0.05381450154277615,95.66937255859375,-44.2135009765625,6330.8875732421875,3343.79833984375,9368.3603515625,1.8017121242420844,0.3822376030932467,0.9999999998932577,5.449519529938698,-5.859259784221649,18.16841983795166,0.8239865576119882,-0.059178300406046005,0.8261089022424359,0.4709021374053771,moving,left_to_right,growing
IMG_4974,person_2,person,0,8,8,724.6294555664062,735.4951171875,918.0926513671876,703.291015625,196.1252464291614,0.10014410651442436,193.46319580078136,-32.2041015625,5215.370574951172,4093.919189453125,11991.220703125,1.9290320952323885,1.4164401232542005,0.9999999999166056,4.839017018675804,-4.75828380137682,19.33236300945282,1.4054030006022913,-0.11668964520046644,1.4102390107350367,0.5821535948353684,moving,left_to_right,growing
IMG_4974,person_3,person,0,15,16,439.350830078125,730.5349731445312,477.63421630859375,640.3284912109375,97.99401534842329,0.050037021186730236,38.28338623046875,-90.20648193359375,2341.755344390869,1502.5484619140625,5511.6669921875,2.668212459848449,2.07905495904,0.9999999998185666,1.1386590078473091,-5.507223067805171,12.619250804185867,-0.263298629063911,-0.501434877774031,0.566359518958755,0.24476834275584688,moving,toward_center_or_away,growing
IMG_4974,person_4,person,0,15,15,486.0482482910156,725.6328125,573.99658203125,628.47607421875,131.05091072226458,0.0669163027255802,87.94833374023438,-97.15673828125,1500.1339803059896,976.2548217773438,2269.34912109375,1.324545875878684,0.9535675216229924,0.999999999559345,6.134212978680929,-5.451383435726166,13.218479458491007,-0.11022863212007603,-0.5348615355973834,0.5461018344600703,0.14926769156813835,moving,left_to_right,growing
