video_id,frame_idx,frame_path,class_name,confidence,x1,y1,x2,y2,cx,cy,area,track_id,track_age,matched_score,frame_diff_overlap,flow_dx,flow_dy,flow_mag,global_flow_dx,global_flow_dy
IMG_4978,7,data/frames/IMG_4978/frame_0007.jpg,person,0.8966245651245117,777.3768310546875,563.1544189453125,946.55029296875,952.9735107421876,861.9635620117188,758.06396484375,65947.046875,person_1,1,0.0,0.4686420954959614,9.301643371582031,2.523667335510254,13.597046852111816,-10.745725631713867,11.23162841796875
IMG_4978,8,data/frames/IMG_4978/frame_0008.jpg,person,0.910502314567566,626.2866821289062,564.3986206054688,851.8674926757812,986.8571166992188,739.0770874023438,775.6278686523438,95298.53125,person_1,2,0.4341332434056238,0.4624539231174302,5.8618574142456055,-0.5125361680984497,11.26230812072754,-1.6676262021064758e-05,2.7494516372680664
IMG_4978,9,data/frames/IMG_4978/frame_0009.jpg,person,0.861920952796936,487.9920043945313,542.259033203125,738.7434692382812,1007.3340454101562,613.3677368164062,774.7965087890625,116618.2421875,person_1,3,0.4830185940704904,0.4945037056076768,2.489494562149048,-0.6659892797470093,15.805572509765623,5.4038209782447666e-05,-1.7385798692703247
IMG_4978,10,data/frames/IMG_4978/frame_0010.jpg,person,0.9147709608078004,294.05816650390625,516.6607666015625,570.2453002929688,1038.066650390625,432.1517333984375,777.3637084960938,144005.59375,person_1,4,0.3926577727654019,0.481058082070076,-5.571222305297852,2.087085485458374,16.418224334716797,5.431292533874512,-1.6988399028778076
IMG_4978,11,data/frames/IMG_4978/frame_0011.jpg,person,0.921221911907196,64.86911010742188,481.96575927734375,358.819580078125,1093.301025390625,211.84434509277344,787.6334228515625,179702.28125,person_1,5,0.3477389276957436,0.4578942688186385,3.2248787879943848,0.0696586966514587,13.903943061828612,1.780711650848389,-2.0680610759882256e-05
