video_id,track_id,class_name,first_frame,last_frame,num_frames,start_cx,start_cy,end_cx,end_cy,total_displacement_px,total_displacement_norm,dx_total,dy_total,avg_bbox_area,start_area,end_area,bbox_growth_ratio,second_half_growth_ratio,peak_area_ratio,avg_flow_dx,avg_flow_dy,avg_flow_mag,avg_global_flow_dx,avg_global_flow_dy,avg_global_flow_mag,avg_frame_diff_overlap,preliminary_motion_label,preliminary_direction_label,preliminary_scale_label
IMG_4977,bicycle_1,bicycle,14,15,2,113.64067840576172,1260.668701171875,884.011474609375,1558.297119140625,825.8655089213801,0.42169769062283596,770.3707962036133,297.62841796875,67404.93359375,90169.7890625,44640.078125,-0.5049330979962341,0.0,1.0,-2.165862202644348,7.066494941711426,16.03905200958252,-0.34282670658285497,-0.13488052663160485,0.36840590007607915,0.5165144741132262,moving,left_to_right,shrinking
IMG_4977,bicycle_3,bicycle,15,15,1,465.6565246582031,1493.7275390625,465.6565246582031,1493.7275390625,0.0,0.0,0.0,0.0,394605.5625,394605.5625,394605.5625,0.0,0.0,1.0,-0.9887534976005554,0.6841543912887573,11.851207733154297,-0.6854753494262695,-0.2694600820541382,0.7365359397148853,0.7144421906693712,moving,toward_center_or_away,stable
IMG_4977,person_1,person,15,15,1,524.1580200195312,851.4384155273438,524.1580200195312,851.4384155273438,0.0,0.0,0.0,0.0,1483625.125,1483625.125,1483625.125,0.0,0.0,1.0,0.1526417732238769,0.1640386879444122,14.06830596923828,-0.6854753494262695,-0.2694600820541382,0.7365359397148853,0.5944766815079938,moving,toward_center_or_away,stable
