video_id,frame_idx,frame_path,class_name,confidence,x1,y1,x2,y2,cx,cy,area,track_id,track_age,matched_score,frame_diff_overlap,flow_dx,flow_dy,flow_mag,global_flow_dx,global_flow_dy
IMG_4977,14,data/frames/IMG_4977/frame_0014.jpg,bicycle,0.7376794815063477,4.039444446563721,1054.9918212890625,223.24191284179688,1466.345703125,113.64067840576172,1260.668701171875,90169.7890625,bicycle_1,1,0.0,0.4072682537571485,-5.933884620666504,6.193833351135254,18.945066452026367,-0.0001780637394404,-0.0003009712090715
IMG_4977,15,data/frames/IMG_4977/frame_0015.jpg,person,0.7714639902114868,88.31607055664062,0.4274923205375671,960.0,1702.4493408203125,524.1580200195312,851.4384155273438,1483625.125,person_1,1,0.0,0.5944766815079938,0.1526417732238769,0.1640386879444122,14.06830596923828,-0.6854753494262695,-0.2694600820541382
IMG_4977,15,data/frames/IMG_4977/frame_0015.jpg,bicycle,0.5310168266296387,808.53515625,1410.4359130859375,959.48779296875,1706.1583251953125,884.011474609375,1558.297119140625,44640.078125,bicycle_1,1,0.0,0.6257606944693037,1.6021602153778076,7.939156532287598,13.133037567138672,-0.6854753494262695,-0.2694600820541382
IMG_4977,15,data/frames/IMG_4977/frame_0015.jpg,bicycle,0.5202372670173645,1.666015386581421,1281.1124267578125,929.6470336914062,1706.3426513671875,465.6565246582031,1493.7275390625,394605.5625,bicycle_3,1,0.0,0.7144421906693712,-0.9887534976005554,0.6841543912887573,11.851207733154297,-0.6854753494262695,-0.2694600820541382
