video_id,track_id,class_name,hazard_label,uncertain_reason,approach_score,crossing_score,bbox_growth_ratio,total_displacement_norm,avg_flow_dx,avg_flow_dy,avg_flow_mag,avg_frame_diff_overlap,dx_total,dy_total,start_cx,start_cy,num_frames,first_frame,last_frame,image_width,image_height,confidence,evidence
IMG_4975,person_1,person,approaching,,0.75,0.056232325236002606,5.885715500893386,0.0323901360595963,-1.8267648617426555,0.6058689438375748,11.025355166859097,0.2885136878008642,-53.9830322265625,33.3118896484375,397.0969848632813,653.519775390625,18,0,19,960.0,1707.0,high,person_1 classified as approaching because bbox grew by 5.89 and approach_score=0.75; flow_mag=11.03.
IMG_4975,person_2,person,uncertain,short_track,0.3948383334745851,0.010714530944824219,0.0316127778248617,0.005331796440508,2.1636102199554443,-1.5525366067886353,2.5945680141448975,0.1562130177514792,10.28594970703125,1.7982177734375,494.0084228515625,652.7716674804688,2,0,1,960.0,1707.0,low,"person_2 classified as uncertain (short_track) because track is only 2 frames long (min=3), so trajectory and bbox-growth cues are unreliable; motion was detected (flow_mag=2.59) but direction is not trustworthy."
IMG_4975,person_3,person,approaching,,0.75,0.13481680552164713,10.752185052377197,0.066252820731767,11.575457016626991,-2.389853318532308,14.569782310061983,0.3411713549761119,129.42413330078125,-9.2115478515625,577.0025634765625,683.537353515625,9,6,14,960.0,1707.0,high,person_3 classified as approaching because bbox grew by 10.75 and approach_score=0.75; flow_mag=14.57.
