video_id,track_id,class_name,hazard_label,uncertain_reason,approach_score,crossing_score,bbox_growth_ratio,total_displacement_norm,avg_flow_dx,avg_flow_dy,avg_flow_mag,avg_frame_diff_overlap,dx_total,dy_total,start_cx,start_cy,num_frames,first_frame,last_frame,image_width,image_height,confidence,evidence
IMG_4972,bicycle_1,bicycle,approaching,,0.75,0.1056900978088379,2.4116380740753844,0.0547374108937956,-19.196774164835613,0.5090431769688925,20.857458750406902,0.6696030660698566,-101.46249389648438,34.5987548828125,308.921630859375,867.306396484375,3,11,13,960.0,1707.0,high,bicycle_1 classified as approaching because bbox grew by 2.41 and approach_score=0.75; flow_mag=20.86.
IMG_4972,person_1,person,approaching,,0.9999999999999999,0.03809789021809896,0.3818390412672328,0.0501277530160001,-3.7304012775421143,0.3275943756103515,11.993474197387696,0.3325399735342839,-36.573974609375,91.1044921875,374.222900390625,591.358642578125,5,0,4,960.0,1707.0,high,person_1 classified as approaching because bbox grew by 0.38 and approach_score=1.00; centroid moved toward image center / lower half; flow_mag=11.99.
IMG_4972,person_2,person,moving_away,,0.55,0.0420904795328776,-0.1931494634873568,0.0261764834353712,3.5672561240692935,-0.9741888443628948,17.56093994776408,0.2476062850512419,-40.4068603515625,31.5494384765625,896.4923095703125,814.705322265625,12,2,17,960.0,1707.0,medium,person_2 classified as moving_away because bbox shrank: growth_ratio=-0.19 below -0.15.
IMG_4972,person_3,person,approaching,,0.75,0.1269309679667155,5.206313705101031,0.0624920823085813,-9.375126266479493,-0.8214723311364651,15.227678680419922,0.5056959513712902,-121.85372924804688,11.40594482421875,325.2186279296875,806.2623291015625,5,9,13,960.0,1707.0,high,person_3 classified as approaching because bbox grew by 5.21 and approach_score=0.75; flow_mag=15.23.
IMG_4972,skateboard_1,skateboard,uncertain,short_track,0.30000000000000004,0.0,0.0,0.0,-5.6802592277526855,-18.42819595336914,18.758350372314453,0.3491150725193278,0.0,0.0,888.6663818359375,1122.9580078125,1,10,10,960.0,1707.0,low,"skateboard_1 classified as uncertain (short_track) because track is only 1 frame long (min=3), so trajectory and bbox-growth cues are unreliable; motion was detected (flow_mag=18.76) but direction is not trustworthy."
