video_id,track_id,class_name,hazard_label,uncertain_reason,approach_score,crossing_score,bbox_growth_ratio,total_displacement_norm,avg_flow_dx,avg_flow_dy,avg_flow_mag,avg_frame_diff_overlap,dx_total,dy_total,start_cx,start_cy,num_frames,first_frame,last_frame,image_width,image_height,confidence,evidence
IMG_4973,person_1,person,uncertain,short_track,0.0,0.0,0.0,0.0,0.0,0.0,0.0,0.0,0.0,0.0,290.8018798828125,785.033447265625,1,0,0,960.0,1707.0,low,"person_1 classified as uncertain (short_track) because track is only 1 frame long (min=3), so trajectory and bbox-growth cues are unreliable; no motion measurable (flow_mag=0.00, disp_norm=0.000) but cannot confirm the object is static from a single observation."
IMG_4973,person_2,person,moving_away,,0.26868421699783573,0.011981773376464843,-0.2026804063463132,0.0170777459806332,-2.66728138923645,-7.595683574676514,8.161877155303955,0.0674736867991343,-11.50250244140625,-31.4053955078125,324.63824462890625,786.0274658203125,4,0,3,960.0,1707.0,medium,person_2 classified as moving_away because bbox shrank: growth_ratio=-0.20 below -0.15.
IMG_4973,person_3,person,moving_away,,0.55,0.04382511774698893,-0.1755173407369033,0.0232186567035649,1.076736330986023,1.841008758544922,9.824674510955813,0.1787538011290751,42.072113037109375,17.2525634765625,280.48748779296875,762.5528564453125,10,14,26,960.0,1707.0,medium,person_3 classified as moving_away because bbox shrank: growth_ratio=-0.18 below -0.15.
IMG_4973,person_4,person,approaching,,0.75,0.0287747065226237,7.079631754799538,0.0225118712307072,4.658503627777099,-0.8095064163208008,12.585978698730468,0.3165717159591238,27.62371826171875,34.3609619140625,512.0712280273438,778.746337890625,5,23,27,960.0,1707.0,high,person_4 classified as approaching because bbox grew by 7.08 and approach_score=0.75; flow_mag=12.59.
IMG_4973,person_5,person,uncertain,short_track,0.55,0.010577138264973958,-0.2976725327445051,0.0053396179855404,12.611512660980225,-1.7738776206970217,16.7039475440979,0.1861292388243824,10.154052734375,2.49993896484375,334.0242919921875,764.7948608398438,2,25,27,960.0,1707.0,low,"person_5 classified as uncertain (short_track) because track is only 2 frames long (min=3), so trajectory and bbox-growth cues are unreliable; motion was detected (flow_mag=16.70) but direction is not trustworthy."
