video_id,frame_idx,frame_path,class_name,confidence,x1,y1,x2,y2,cx,cy,area
IMG_4978,7,data/frames/IMG_4978/frame_0007.jpg,person,0.8966245651245117,777.3768310546875,563.1544189453125,946.55029296875,952.9735107421875,861.9635620117188,758.06396484375,65947.046875
IMG_4978,8,data/frames/IMG_4978/frame_0008.jpg,person,0.9105023145675659,626.2866821289062,564.3986206054688,851.8674926757812,986.8571166992188,739.0770874023438,775.6278686523438,95298.53125
IMG_4978,9,data/frames/IMG_4978/frame_0009.jpg,person,0.861920952796936,487.99200439453125,542.259033203125,738.7434692382812,1007.3340454101562,613.3677368164062,774.7965087890625,116618.2421875
IMG_4978,10,data/frames/IMG_4978/frame_0010.jpg,person,0.9147709608078003,294.05816650390625,516.6607666015625,570.2453002929688,1038.066650390625,432.1517333984375,777.3637084960938,144005.59375
IMG_4978,11,data/frames/IMG_4978/frame_0011.jpg,person,0.921221911907196,64.86911010742188,481.96575927734375,358.819580078125,1093.301025390625,211.84434509277344,787.6334228515625,179702.28125
