video_id,track_id,class_name,hazard_label,uncertain_reason,approach_score,crossing_score,bbox_growth_ratio,total_displacement_norm,avg_flow_dx,avg_flow_dy,avg_flow_mag,avg_frame_diff_overlap,dx_total,dy_total,start_cx,start_cy,num_frames,first_frame,last_frame,image_width,image_height,confidence,evidence
IMG_4975,bicycle_1,bicycle,approaching,,0.9999999999999999,0.17097460428873698,12.09643027235664,0.1203336590671398,10.681999564170836,1.4067507519697149,14.592465241750082,0.5580972377405894,164.1356201171875,169.1080322265625,617.6070556640625,693.7086181640625,6,10,15,960.0,1707.0,high,bicycle_1 classified as approaching because bbox grew by 12.10 and approach_score=1.00; centroid moved toward image center / lower half; flow_mag=14.59.
IMG_4975,bicycle_2,bicycle,uncertain,short_track,0.55,0.12080275217692059,-0.7699897861184056,0.1292081494323458,-9.478532671928406,2.7319392561912537,18.938927173614506,0.5221519461376091,115.97064208984376,224.9058837890625,817.72314453125,858.6295166015625,2,15,16,960.0,1707.0,low,"bicycle_2 classified as uncertain (short_track) because track is only 2 frames long (min=3), so trajectory and bbox-growth cues are unreliable; motion was detected (flow_mag=18.94) but direction is not trustworthy."
IMG_4975,person_1,person,approaching,,0.75,0.056232325236002606,5.885715500893386,0.0323901360595963,-1.8127715706825256,1.0570882990723476,10.700057232379914,0.3115097208467969,-53.9830322265625,33.3118896484375,397.0969848632813,653.519775390625,20,0,19,960.0,1707.0,high,person_1 classified as approaching because bbox grew by 5.89 and approach_score=0.75; flow_mag=10.70.
IMG_4975,person_2,person,approaching,,0.75,0.22126903533935546,19.96373169420829,0.1090204906347933,9.604360914230346,-0.6272353649139404,13.47423661549886,0.3209381237135068,212.41827392578125,21.55413818359375,494.0084228515625,652.7716674804688,15,0,14,960.0,1707.0,high,person_2 classified as approaching because bbox grew by 19.96 and approach_score=0.75; flow_mag=13.47.
IMG_4975,person_3,person,approaching,,0.9999999999999999,0.03668912251790365,3.2980997167498107,0.1127445843968446,4.863904317220052,0.4036332368850708,16.913082440694172,0.3591182825269234,35.2215576171875,217.97509765625,744.8607177734375,674.2367553710938,3,14,16,960.0,1707.0,high,person_3 classified as approaching because bbox grew by 3.30 and approach_score=1.00; centroid moved toward image center / lower half; flow_mag=16.91.
